{
  "mfcc_mean": [
    -378.7184634294044,
    55.823927048486865,
    -20.827705036599074,
    8.391456731868168,
    0.09615011825712902,
    -2.3101597841846697,
    -0.7055065568222394,
    0.16716246537525217,
    -0.41887531309778403,
    0.21598149338548978,
    0.1488200437973693,
    0.14439440239404086,
    0.022026440818245212,
    0.6659844120699353,
    0.22800319656697918,
    0.07860495049453294,
    0.38171890365959593,
    -0.15886338955191073,
    -0.2643804673245934,
    -0.10913998369868515
  ],
  "mfcc_std": [
    117.81608640866827,
    52.01447832015254,
    39.216943649958424,
    26.386052683661564,
    20.038045683634635,
    16.440070589572517,
    13.845787189948412,
    12.454861075993072,
    11.426280994512785,
    10.864058473334252,
    10.04575691556525,
    9.157270807633434,
    8.559052584153086,
    7.525681712902923,
    7.013148763681892,
    6.718611090464043,
    6.913533204646126,
    7.1128706054049315,
    7.104404488407571,
    6.718372406442553
  ],
  "meldb_mean": [
    -46.424900650229034,
    -46.51558654746093,
    -46.59751639459759,
    -46.63494769769653,
    -46.72478948211479,
    -46.44992974095204,
    -46.76155311751234,
    -46.76491299187524,
    -46.679988559722034,
    -46.682715131528155,
    -46.68739779668765,
    -46.71897309397335,
    -46.8175272876657,
    -46.43311503394168,
    -46.65769644713453,
    -46.600270971807205,
    -46.46545470774423,
    -46.397765011352334,
    -46.39556382556621,
    -46.482368641461996,
    -46.42910856621142,
    -46.176293891782834,
    -46.78615590611033,
    -46.9076752984179,
    -46.75711215897767,
    -46.616791893256554,
    -47.44226809295142,
    -46.92066647618856,
    -47.1655922582021,
    -47.33015672598808,
    -47.14254264912488,
    -47.469303396551155,
    -47.488559230355634,
    -47.324627524643624,
    -47.68708155806036,
    -47.573800594746146,
    -47.56212309685301,
    -47.809323050512575,
    -47.81898017039746,
    -47.91439567515306,
    -48.04412701672125,
    -48.17972899902764,
    -48.266288638421884,
    -48.32729137096328,
    -48.38722811629149,
    -48.44500319992753,
    -48.515545817899515,
    -48.300384633569195,
    -48.59004117301996,
    -48.482929223803,
    -48.46726243109543,
    -48.55255666261146,
    -48.62276930429936,
    -48.567615304785264,
    -48.73327086086328,
    -48.75379502058388,
    -48.85825497514546,
    -48.843546916094596,
    -48.798376348251864,
    -48.79542054456326,
    -48.83001747607979,
    -48.90937725012998,
    -48.88260796500319,
    -49.00236257566972,
    -49.060542291720765,
    -49.20242651986173,
    -49.23376428340035,
    -49.431489312126395,
    -49.52117971869928,
    -49.60429938233768,
    -49.71744300130439,
    -49.850065691568695,
    -49.92184839535304,
    -50.0685783603209,
    -50.18413703099422,
    -50.325075724361604,
    -50.44437100373973,
    -50.62424989203533,
    -50.780907864756436,
    -51.01953270415636,
    -51.30188185857118,
    -51.652238901779214,
    -51.96828284622852,
    -52.32436681327661,
    -52.61519041662789,
    -52.93727395790951,
    -53.25078125477024,
    -53.522725865753515,
    -53.86216894951251,
    -54.142597977559724,
    -54.46614997292282,
    -54.76905161592629,
    -55.10414470854849,
    -55.42568995467775,
    -55.69745740452185,
    -55.98966178788737,
    -56.24817785359447,
    -56.525510334044675,
    -56.84135948022486,
    -57.18336456102598,
    -57.56399803079498,
    -57.89001447456352,
    -58.17267062334406,
    -58.431036950886615,
    -58.71911224529405,
    -58.986429135969,
    -59.2519066984816,
    -59.48847591983811,
    -59.70352535468238,
    -59.912907247409144,
    -60.05266754730522,
    -60.21877816703744,
    -60.365795703918664,
    -60.59695450409548,
    -60.766779899498935,
    -60.965901324658674,
    -61.15677076971442,
    -61.389797836050356,
    -61.57974698615701,
    -61.64934948557954,
    -61.75505917763028,
    -61.863621839729724,
    -61.95373899851556,
    -62.003573362004246,
    -62.10514394197803,
    -62.15930966646634,
    -62.25811613869582,
    -62.37168617729488
  ],
  "meldb_std": [
    15.714002438858463,
    15.511711582875458,
    15.352373481818235,
    15.205516817595655,
    15.075955157002637,
    14.86828973710295,
    14.674677205166699,
    14.535319200064356,
    14.400541970331448,
    14.293307634236719,
    14.186387911032346,
    14.108263133334212,
    14.072340017091934,
    13.983354929791366,
    13.885036942897171,
    13.747286347099415,
    13.628613162235407,
    13.537968381854277,
    13.464965830715338,
    13.41200829184227,
    13.337033333087994,
    13.257832185690173,
    13.216095530994163,
    13.1428779829885,
    13.054842723999409,
    12.965972683476393,
    12.925214123365613,
    12.809661501881385,
    12.78428704142466,
    12.761718049949902,
    12.716179447095998,
    12.664727848232857,
    12.619122674868429,
    12.5554277882726,
    12.491151698438694,
    12.496001902532864,
    12.504615636790861,
    12.483473379002714,
    12.477470062875595,
    12.488484375525312,
    12.505450705156298,
    12.520691914106884,
    12.524007372404242,
    12.504081172987181,
    12.472905902184396,
    12.447951035832393,
    12.459091959281995,
    12.485032015592914,
    12.556000771255293,
    12.609221094340967,
    12.652059608122308,
    12.682962922659424,
    12.712301780578287,
    12.735244639884664,
    12.768722375223708,
    12.80451746870848,
    12.793253940436614,
    12.87321008756728,
    12.995651415796024,
    13.064908517669092,
    13.1053262777449,
    13.148173889710696,
    13.21572382356597,
    13.271685338420951,
    13.288790123842437,
    13.302701319810398,
    13.32015280636011,
    13.325773727873603,
    13.328231999492235,
    13.349173413464335,
    13.395153962086534,
    13.452081381442648,
    13.519580632584429,
    13.593373767896994,
    13.639128163358707,
    13.653879170716275,
    13.676011867419014,
    13.686550512152088,
    13.704922228808407,
    13.689592532707575,
    13.651958753580601,
    13.605453057727646,
    13.561240930709966,
    13.50952457396744,
    13.465906101432955,
    13.405753965991872,
    13.35705222334886,
    13.326193760276736,
    13.307231919394876,
    13.27328801047671,
    13.241282744263405,
    13.21785063785118,
    13.176694260983705,
    13.148205085226927,
    13.132832487866741,
    13.084589436757854,
    13.014051226678648,
    12.950373069508638,
    12.881392103543668,
    12.82375163386718,
    12.754688912926285,
    12.697024690524765,
    12.651923071801082,
    12.59241236556508,
    12.530268592002983,
    12.471841075658363,
    12.402560103542976,
    12.313154848188212,
    12.22018613204611,
    12.142241488325855,
    12.08180238540252,
    12.0141230661684,
    11.958975844941474,
    11.887371802122864,
    11.836740021243452,
    11.855223019018792,
    11.893034798654929,
    11.946399530767216,
    11.998637205232063,
    11.970534012042144,
    11.95052013354821,
    11.942915267756478,
    11.922596077969922,
    11.9189908238518,
    11.931582121827267,
    11.910753721577288,
    11.900969340448675,
    11.939763815476635
  ],